No,Team1_MeanACS,Team2_MeanACS
752,225.1728157025077,156.67676789598727
2760,240.67317392612068,145.01841292851742
1337,223.59800324310808,204.41068533629203
3821,250.90006155898269,168.98090872205685
1570,222.23886742455497,188.28114446357222
58,176.95950629000734,219.19343132774125
806,230.2646166636601,168.31991867728658
423,220.56524642117057,178.94384838098244
3490,215.15572438693164,201.4959210946579
3731,203.49570949662234,192.04091233077
714,219.97047555568497,167.21031551505047
3868,215.02593613237786,183.6970417179588
6121,240.09266800397086,163.25895010756878
5457,269.2185282441263,139.49623237164658
4721,228.6188035312532,188.6918677774741
4016,191.26931208995495,225.77542317941197
3000,219.3542034343571,211.41665304769413
6049,188.01163722397177,203.13350918752818
633,239.52289252214138,171.86172389568392
6379,235.661209419356,153.19527016862193
5232,207.54797882682655,208.25273880257905
1592,235.13991784503412,167.53892894126642
3765,249.05649062299153,160.57658718837723
4610,215.6179524646188,186.97478904591185
3281,244.09398208656003,166.30664542347677
4530,237.7767345673905,172.3865994330073
5879,208.29725252733357,184.804373261932
458,266.90247644721376,125.7901962168763
6077,211.08571371818908,202.8051095989489
2567,206.2716836151915,195.75831234668044
6488,231.77867008889817,182.55461898668074
215,232.36469027226752,161.4434795201201
6509,209.6550805377801,172.1937811324417
4202,209.0997580988739,198.22910227744148
499,231.98583270974035,170.82996472371934
4684,247.22519589669736,143.01311769609634
6827,223.75620885204088,167.0681179490652
1690,216.37617110111182,185.42640928749714
6420,249.35689271134487,132.5558648313011
1662,215.05667621504332,185.38676507684758
5208,210.76320455534943,198.63778441494628
1545,218.2998308294439,203.73325228134468
4147,239.34633007105825,150.48736252488567
39,191.30772863174283,192.434188714591
5994,245.4040379873696,142.87257873017762
252,203.73239874261094,195.20640840282383
6470,215.4149748522597,196.3694572038813
399,178.48256607551778,208.9503444097236
2580,208.73420633030744,195.22248301730804
4723,214.09397927535824,180.3853533508088
6874,229.52200027910106,166.0640815356491
3217,232.65595106780546,169.83117970890157
6292,203.79710920092685,191.67411089252448
6788,212.5413145799177,172.9932469940487
6092,210.40828216642956,199.1236424649741
6492,285.3812200459948,110.28590834176092
2729,186.91806240471593,224.41527928285618
225,208.27132312460537,194.98567800019416
3708,265.1415426863873,154.0547043145832
1033,188.162310302886,207.62622395944197
2915,228.18929145351694,193.8448761273852
3622,230.44994775339933,196.6486280879061
545,212.98040144696768,170.8751594262148
6935,198.93974299624037,176.37412494748432
6368,215.74399393743738,180.07129917871987
4630,248.66288260845883,160.459023384442
2365,196.45089288980822,187.77536186723734
4931,250.17064202959114,160.26968625630082
6378,221.70488390286712,171.81557227389297
6138,215.04008457428634,183.823927840958
1079,228.6086650808838,204.5210072866811
6690,228.90320831189857,168.0486734410923
1372,212.93113756837212,199.73219496666403
4722,231.74290511391868,171.32107931104738
5133,218.3197234966397,210.0111303034984
2483,186.37070635698538,191.69858249489985
326,199.88990212610557,191.081489300539
1312,219.6961294531518,185.3138206715277
1747,223.09484325370613,186.06582997196764
4546,209.98967815958116,180.7391276476779
4507,202.83702761341144,199.70099839288824
6403,238.3906198770909,150.70651676426735
4984,190.52278668636447,224.05770997651368
5180,222.7928423495902,171.61453630500307
2809,226.65138092542617,178.68450677478413
2268,234.73424625156267,173.47569230555294
301,268.9197387850719,130.34943299898504
5800,227.19316781576134,180.9314000498558
1714,220.59822134198393,192.42631165051932
3347,212.48926691683542,205.07239615575926
1459,206.10318738798614,192.60224274366468
3924,204.6988891634089,210.31649395079927
2160,213.5996794455312,186.66439828027592
5527,233.21603560665312,166.21113390401064
4981,228.66496400079964,206.37867787425878
6160,225.001301748039,178.71987736701038
5213,192.68697676318519,209.26345219889825
4122,224.080416353894,178.02368531344564
3303,216.6276166510448,204.91650903803824
3510,220.69112137955509,191.80859610148164
373,223.36047889444336,169.8852318247129
4242,191.02032161481316,221.286764542719
1374,259.3338770953121,128.03289771894362
3527,217.51383354933637,215.17045207340175
6203,232.52073184867427,178.48926556047445
3851,178.58170097739927,225.37448389940218
3396,210.5975689148527,215.21578950470078
1088,212.96019847674356,193.98114162696234
4651,185.10930926285013,232.86656725461557
1822,220.20346782934433,167.96084360028223
6475,213.64147651446774,193.9056968685132
2237,211.7902035035,178.82313013974007
6432,218.60800977917836,171.26360790379078
4062,217.83821292942207,193.5961236548735
6246,205.5345189177934,208.54084124069504
6179,242.6343369390401,194.53169197916185
1017,271.15026991915863,141.19077935318901
1209,226.30525814674604,179.74543609011562
3493,209.18329252839283,193.25926317645235
3635,224.0349914184059,188.53001054387468
1901,238.29194375049676,153.6712141399767
1234,195.53406071753966,195.33756272779237
2847,202.30687414116102,205.33011161258287
3738,236.15493279292983,173.04400261370407
2173,214.7183874477026,181.7564912542334
1186,177.83190920254947,198.27615743800493
2025,241.83559682812808,156.50943787163436
4305,235.60382905728073,165.14625523894023
2718,225.95224855967112,204.9456687065091
2316,216.93161255442428,191.1587841854323
4442,193.5514529428473,208.9857945447109
5073,199.64309235357007,212.94175345922517
1081,249.31243490080698,149.37431288761297
2247,207.504761908977,191.67958351083732
4629,203.11933217166722,201.31354336182767
3028,223.71473220016634,198.2286491415652
2439,240.7932974731644,150.48717369892535
1140,206.60122519337114,211.63509203416993
530,249.9164929203252,167.29086350496982
6228,203.7671022985949,186.94051158662228
173,228.9627729192065,168.5066756834144
6756,206.69222140276062,205.8640703033209
1423,219.44167297133174,174.00427707676056
4979,241.14393962696283,189.76142947425092
6932,225.05297648838786,152.9116072104428
505,228.7041206174219,179.44851459955314
5536,239.8948873430201,176.6887476247387
4803,256.7209060835563,155.04897077569933
5131,230.12532699079196,179.01671734288442
6291,247.3474321803943,138.07624185375445
7024,204.7564503165553,183.79747473210074
1035,218.83188660478177,176.7671023702003
1983,240.93334005442176,151.079573650743
934,219.92343125523968,179.1035385158512
5679,209.45469601828603,199.90473554243948
4366,257.52228263447853,190.8565906231603
3263,242.0258090063143,169.19003453558372
3375,230.06703515637358,184.0617446880069
2900,230.4608156830168,184.80575375691652
1283,216.265532712815,198.14607927121108
5000,222.59174835653351,196.63545985083604
5987,243.84058596097785,162.8749102686675
3081,221.6674967616576,201.66651035841085
5332,227.7642491574473,164.48427482266493
2498,218.23123325735784,181.94458392696606
6352,197.3238969570979,178.56398343424212
6355,201.8888412522589,194.0381505888582
1465,209.31030745162926,178.81028211046723
6017,190.3813837235791,221.21654241974713
3835,226.0686134903383,177.35632276625813
166,222.77495570243332,169.45101217983895
6991,183.31180172007404,203.6822641816744
6706,216.93695013447672,159.5346820621034
4733,244.31144164750305,169.21312611612336
3117,223.95975292681118,199.49909958772992
1336,209.37005455736866,191.75939211254467
6511,190.06367255411283,222.17683436299205
135,255.65529917244854,166.2193772102129
6605,210.02143670068733,189.24421086277675
721,233.28370991415576,155.99364288930713
6624,226.6314826053952,160.66413879211277
3709,264.3807683242361,117.58078281659373
6303,206.49093679979526,205.8299024142561
4706,255.37287392302014,146.3061237915736
7052,234.4056112591952,187.37392792037272
4369,204.82218506810477,193.2015214836852
6543,204.42884757797154,193.55188942311437
6670,209.52025732949917,173.18348161432021
4428,216.06448799910143,203.24251085495672
2790,242.54232091643883,175.30206990594746
6369,211.4741999320818,184.45980396755664
1205,225.17004939918627,192.0108221621026
4290,239.1936653874036,174.2595150176647
419,209.04422920392966,206.0669872828429
1409,212.43285379234612,188.18460491307167
1338,227.49553730908983,191.99859840607758
5966,200.89950468678882,202.90294843144997
6819,242.51309280813615,140.40486797702064
4331,187.67777171501757,216.32769094190576
1053,230.8581108385148,156.06614341133763
3662,241.11513644409695,167.40555272120423
6197,207.98125661964625,182.8651913682082
1139,243.0741831059965,147.5269519724481
2879,245.74037350600474,176.38977528897092
385,224.28916282155473,197.03799318808916
211,210.4024600589038,171.77133971664043
674,225.05454629314613,183.1115093766321
5979,230.77863207101655,154.581840131791
531,263.5494810171961,159.87876480922756
3153,233.5252276097128,196.75146999897845
4121,227.06620320803017,206.08104806960768
786,207.74966340280332,198.72478031259524
1986,221.67542041884684,179.9219990623348
1471,206.07708578452954,202.43976665932433
2451,212.86057645077852,183.93729432792566
5147,220.41735033432064,179.16498165329017
261,218.49809925131137,168.7690299016645
6051,230.99258301630735,185.2107448979151
3142,238.14373564194858,159.5859452007066
976,246.53654055752978,183.3417349169819
6116,210.16979415703526,203.5513072303274
644,253.14569837243621,170.48509813609175
2110,209.3346977595651,192.8652045877936
3948,239.86393175622928,164.93363442170912
4820,226.8201141477329,181.4677584342616
1370,206.28256462520687,197.34659601315806
6074,238.06200760006996,173.81314669582073
2925,224.83552812640895,191.32040454326648
2784,217.22544083016268,184.46733470293626
1445,230.83973797339019,176.64940194356132
5042,207.21735376694943,205.97978668095107
4971,210.35911826262853,189.74605146263164
6859,204.33158566509476,188.6330866094609
3784,220.91098594426148,185.48567720803197
2051,220.8027146818542,174.69075223261962
5806,238.40590749228096,180.13710802662345
2983,239.15108162163915,179.5624260909581
5907,227.4909429498191,195.45233806395314
216,238.58338878980726,160.63056989863372
48,267.8467224115057,126.42728206975043
3442,241.34606532765946,179.51745494888894
1472,216.7104666392319,186.93785636036844
6884,211.34684212841717,201.31469640605837
3290,219.78586860519187,194.07590209062107
2657,266.52285140307816,116.0535838364315
4560,199.1478571678887,222.4460118644906
3704,260.5893398038407,139.01236804967772
1798,203.5747647537369,199.2156940803605
5925,219.1495484166945,196.6449131284677
4622,220.95959183525434,166.64278471654262
4712,262.64832055633883,133.74526621046448
38,198.52261326882513,199.84461944210952
1976,207.01927205441743,179.8466149214902
6974,203.31366841059256,179.14898862663878
5721,244.62331599206178,170.13181713028092
4005,209.34670834043777,180.45740088483217
5507,230.3341804528,154.70552472721027
1388,217.08295716575645,190.18331237105454
3626,213.5186824950676,193.19013900512368
4152,228.488859495153,187.07385965383986
4118,196.69250411607933,212.39629984734893
4557,231.40875669290097,173.01676506129738
4705,211.48229124160997,207.14920022278199
1924,169.72815400559304,212.49655672195453
965,200.3107906302329,197.0903820797627
2545,203.27675443693295,182.48535503398716
2877,226.9158145532775,186.91318221205074
6485,236.21541860417682,177.53593423113452
6843,238.5836760965537,163.32456391422608
1619,243.31086255238014,176.26917068770433
3122,232.86492276571613,178.13374799098835
6010,196.21227444416513,206.37210848487715
3977,247.23933268016685,147.02963837454232
418,201.92929753694347,193.8444534161269
718,215.24224661365793,185.2782641543588
4383,196.67077946559994,217.0903516923497
1410,188.21061969925475,206.78938405187418
1327,204.74545938536437,206.09947038591017
6385,244.28291112017678,170.2952011507244
2589,231.66128904560202,185.69171901178413
5274,181.92555826122899,247.5934919023334
6911,187.6150362831992,196.6187532123723
228,233.3409931266048,167.66321892567487
4633,235.01089795531658,172.4491127218639
371,218.23786223131137,190.9674332743552
3940,210.7167034558971,190.07004138653502
3867,205.26663450489445,207.0526941963647
5851,237.10557295167342,180.73242873536606
983,217.2483832634901,198.68663556827906
6274,235.17845939918797,155.51316930336358
5680,230.18994725131074,173.62448350889008
2145,231.36775693245167,178.4821982083566
921,238.81494815645232,171.0576254028794
3467,228.8867110944249,175.24658962339197
645,216.21453664902484,191.0244280084697
3462,222.01068135755835,194.97708775545175
2804,210.75323895205062,212.2785773709896
1480,209.71962941687775,187.59540486592286
3182,229.6439451308632,185.4036915427365
7033,200.34504620609016,185.81018150401349
3193,221.1123317413663,180.664434999594
2067,194.85070414997756,213.60931984347584
2155,201.7728991208858,206.71389013834357
6222,231.37345031499086,170.1153672148003
4977,226.54787219193574,186.62163254231635
5621,211.7660347575114,188.37307341237295
5436,249.40356529390402,144.32604777655226
2238,227.9627222766245,173.69545493087986
1863,238.3440719206707,136.63712569242273
2181,247.52219440195694,145.84855614077046
1819,228.18948944587262,152.63906795854592
514,134.1071071880483,122.99336634621476
4792,203.55735125712977,217.466033284903
4498,196.6678822678048,203.61900890043924
401,209.02509708651945,204.3186782874971
6648,204.5064340034584,181.40062449394333
5060,228.1832174070205,189.1563150424766
763,217.2430132155107,176.3048645125906
6145,209.98015167666756,190.82095542652303
2644,211.5297624240061,192.31169636900069
4973,208.44049733274505,143.22316181746538
1571,219.87461884536484,185.16392405369925
1898,199.05350215142846,201.8510058057503
1627,189.9588144712455,208.14303712874633
1484,198.74041696732792,220.10289264394072
3861,230.78147989710635,187.04679870865917
3107,236.32795216589386,169.5062310536485
6351,193.16578080783154,199.50113043601354
7013,246.0652235473446,137.03358853895162
773,247.16193253812435,164.78415535819533
4458,179.25433198827824,219.0438731026576
2224,202.67253217726832,177.64733154351507
1758,234.43317789524298,198.376091921454
6963,202.85507877292892,176.5084774683541
6302,223.36420504083202,176.39948718480034
6101,186.6351976428564,222.88913405735343
5098,229.8050802146858,185.766960750542
3875,232.67139794465896,158.8215073779165
4506,235.49828916031652,166.7231603445661
4825,226.58188123864187,159.7065532414593
524,239.48528275854204,163.27192661801695
5081,224.74839460859056,165.10806067807485
5642,215.15511592072107,188.62774096918025
988,207.7393570900418,222.35426510891966
5352,225.5526837897446,202.03625548344877
697,199.51760634019692,205.91203495688958
2299,226.8251303096625,169.5565877151615
160,201.79575509642436,188.08649572744918
2926,244.63066786935374,164.32616537338663
4367,229.98912495759896,175.94067299535521
3198,254.06771308871697,146.44081000952178
1857,217.47397833523934,168.41185968678775
4648,201.97932752991255,210.1796084093993
4780,227.42483605839584,194.25890225518643
5749,219.15160465735966,204.36444230115998
1579,202.10135389227617,207.56391254907643
3687,232.9060772141888,185.37047495406523
2303,219.63752355059185,185.18290917675526
5134,215.0536656672233,183.44307669053336
998,258.85493899155085,159.95684130803517
5393,234.63023328405603,189.6647827448126
3661,227.1610942545011,182.21702429835852
5958,257.7931565589241,156.38188238418547
3519,203.37760938928128,207.08399895372068
5774,194.63837899371094,208.02308005471602
4456,234.2878274130422,177.03134097525927
3840,201.55745263948472,203.01956629496212
4743,212.09837779450967,192.75185416596378
6054,169.69700161288765,236.69155702837944
3227,233.27061603440916,174.88205941524998
6863,227.81663464700478,179.1303816214589
504,230.05114345384433,176.94352246373643
1020,179.11298744731596,219.76998419654237
4972,233.72433931420602,165.79533250137723
6413,240.9100088552601,173.30655232032132
5094,241.42956810015647,182.97433787686307
3260,216.75963232104596,182.68346982320568
5191,184.0382233199074,216.40376888390685
6862,226.969365762296,159.69582136425478
338,214.10473830016272,192.5581657482238
1935,199.3054254193013,209.7860129806446
5418,187.29906827217405,209.47618500870277
863,238.89747537682715,181.96388086401825
2124,238.06112937978327,160.23267631813843
6523,212.4292915420161,198.0393211341032
4588,164.81997561551702,233.1603833819031
6597,184.79644556723676,219.99517039090088
3703,232.82838432659412,162.365360258471
5154,231.419584201911,171.72327991531236
5484,247.19442069966087,157.64102872584408
1487,211.48237903284047,193.30661154105204
113,265.8075648170389,153.81258462451876
5419,239.1172257014472,183.32760972203036
3079,234.85573814014052,164.88364388814574
1032,253.87579741314912,155.47513473091243
978,240.5202670575788,164.5739235334666
4536,199.0712831064241,204.15481113556743
6729,190.4078160371633,204.15667239962892
27,181.87856235747176,217.85087512197364
4916,213.07126711341877,183.21497647347766
2599,220.5839503774747,178.34106984034037
2406,220.32880258936117,184.48027839705833
6217,216.5923321123452,171.3677529682581
3173,272.2300204299074,137.41924887571855
2084,260.9931708666583,133.49785433252123
790,204.69483721232578,198.16978812942045
4131,206.62796514958447,218.42116783659813
2400,209.28125414196333,192.98132002051048
4471,213.92162805973942,184.3917103186275
123,216.4187219001601,179.81770047543992
2350,237.04330490223566,151.65210116758405
2183,234.66480814990214,178.41472689533296
156,218.53599021881337,191.86845967939098
2777,218.89060362641916,187.94561262192389
5794,224.10811416311122,174.19860527555176
562,254.76820029142024,152.51316771477826
5888,252.20977267059232,171.92056887104133
5737,236.85632224946266,164.61474324220666
5353,246.7336117026617,176.59344263736523
1437,205.7668372899058,194.28127315714437
4379,217.22535892875544,201.72666117207825
6434,218.8464015510541,174.671136862758
475,209.3318891069196,192.0614229443546
427,211.25474616294457,193.77959441509964
4155,208.59506012681666,187.34846260156064
4586,197.01797165773584,200.4864035008471
1022,217.75826478024862,203.41818429575022
1763,233.2691527999723,150.65574952980126
1693,196.85023612793944,208.95845694864025
5294,220.4824242876756,189.81279022900827
5365,262.763980395718,148.33799587039425
5260,214.26373534964495,196.26930956665174
5348,217.3620808910876,210.17821989857418
4859,197.8475007207916,216.1973107639204
7067,179.62136862259092,211.42961797026928
6426,205.0312575424777,201.29172512402397
4988,235.71982859997493,165.23546085643423
3838,235.82758706797534,187.73634434748473
4274,216.7952641245259,198.3277202595457
2434,219.94024992798523,187.35620733841296
5637,206.70888112645648,209.7123776056669
2240,217.9368422031953,191.0201901110944
887,199.07183036365205,202.21447164066976
5563,232.45588075680575,184.78455298000165
4810,229.50727719033944,174.82937500850124
6761,226.94739480114603,144.46071481608885
892,227.9992939941732,159.87537781788376
4078,228.41409594823958,191.06498893282668
5110,225.08714867645176,200.92924993358264
5939,230.45549035149574,172.39745916627317
6544,163.7091280097592,224.4312995208469
4054,211.53411015468927,198.49776057130597
2328,200.97755529057773,196.2260337349712
6187,211.13166747602006,199.64624252979172
3723,187.55501537558732,216.68397391143512
3058,263.62634563557344,151.40976072244106
6241,233.98757542762223,185.45868039806732
5231,223.64292543857738,190.19885194800764
80,220.8792302090639,177.86620349169291
1245,205.54021367871968,186.6640435779456
2565,233.53888598972054,181.59594074580008
5292,221.22206240058512,202.75864598942587
5146,206.52871998614054,207.15152215101634
4475,240.63930538964416,145.68332613312506
2805,232.8250799515739,179.78460085217228
4061,212.58214234283713,190.58592659571815
6182,233.0005555392519,163.58592054744935
490,236.60405315719655,186.56542592086535
2476,225.24012905080485,192.7067316338149
1451,180.34636201556378,212.0381451733776
1902,198.74100322142215,217.98123595243055
3243,234.66774827287725,188.87866796874602
4322,230.02210095322758,181.6581106789912
930,234.322334745562,171.14577651751145
5392,223.72561243139006,197.55594559178743
2740,207.39028370653804,194.15017725582905
872,220.75270742911817,186.5196867319508
1517,227.38893866837205,174.97455355116853
363,204.00832928459982,164.6787842402879
3239,274.3603775620916,154.26843525822645
2919,221.27173507302226,199.43858215434147
5842,202.38522064829144,196.23849303602537
4208,233.11313345659556,180.2287017098293
3847,220.85155476945818,186.03859720194353
2617,208.33749741302825,200.36254173824884
6631,241.35503693960163,166.88472873660686
4964,232.91167087405654,185.19985920373443
6154,192.72261225563295,217.6077155082938
1868,214.22586983825136,193.71655660463585
6370,203.04228340138246,188.77147693217205
1728,211.58196609914165,197.52982653046055
5478,235.62133272157195,193.53885017172433
1568,243.96040579188002,185.66091807341013
5999,247.33090616455797,154.5894039680773
2044,196.9275672562944,189.31558261761987
5447,233.27644871741205,178.96089625849572
3694,212.67925656914076,191.7159059319384
5791,205.56873588441726,202.99887120643155
985,232.302650393222,186.46540970282234
4355,217.60266860671135,196.14380119181345
2216,245.97533731771142,147.98741819721766
2775,287.01195830722094,132.83070538655744
2490,232.0252250715549,173.96058286159837
2865,228.12390727424975,179.3750680852673
3003,238.68690115995088,193.01420688594186
151,213.92231563446626,172.54908621409643
2236,222.37906915836624,188.50992592549704
6557,204.71854253083382,180.1049514189479
6348,255.93332566902404,155.40807922538002
2223,229.0288921118676,188.2102499538948
540,208.11827513948822,188.1999117812371
3911,209.65507238031822,208.24149182534836
2822,234.01897271386275,183.9761668207469
1928,186.2417011830663,203.32907726335
3889,229.3192739009731,178.47493517170565
4293,217.14707432527445,191.55518244721804
4913,192.70512666616014,206.70998962086688
6649,207.3894822702094,181.24658681185036
1585,191.90813532139842,214.01411197495557
4540,215.96987327782762,189.52428143495905
6448,196.32855370878096,203.74983017168816
2866,244.61687610522375,180.6832626342451
101,226.7499256584575,181.0035391547904
1721,216.94284210137408,191.17970102931645
5055,218.9453782289699,200.59790441395145
4718,192.88542099818633,203.73614224188194
6321,195.94832882364344,205.59937435389543
4922,258.97385912754,152.84104484106126
5830,209.46190133283721,202.58287587276348
5714,213.84623229097642,197.1010187262209
6195,227.66511898711065,178.45216619799243
117,184.76418827133048,212.78219160419087
3238,243.72892241026358,158.2961624578464
56,236.91479210333665,179.2214455603555
5318,213.62172910658978,209.44610011621705
4357,199.1875423625101,188.3922573773109
1953,214.95888376604285,170.43707052836243
4349,228.9973875663866,178.01736064385227
6146,212.2895377069216,193.54920181078342
6825,194.31123104390667,205.16500277977664
241,220.69044708295877,162.3854533794306
3540,214.8499485033338,200.00968708799115
6953,215.44263403921906,189.9450874157609
3116,176.23927325565296,217.68913988039344
6171,257.663222681486,149.7912585698517
1443,201.28841563421608,205.4998972454821
2117,263.4498289052249,157.03405542674997
6441,246.31347644524143,139.10607274798002
4873,204.22457695969507,209.15090463119236
889,205.86389607597366,187.20485726412056
1184,188.1933915498913,204.42631678807768
1225,196.41659952693803,221.78223021122585
5137,202.64750496164822,221.67252780963426
608,231.45679027433363,157.33291545551373
4082,213.59069563591544,175.63865393114833
1828,203.8550947296765,199.73484826408674
2344,215.2688184728267,194.60672498111833
2534,205.4612185263681,198.76240374611547
1942,195.73450383468608,197.1870424716318
6988,212.37615209582,184.9809051174766
1018,222.74191283119404,156.19901566059818
7018,227.46204150850934,168.6446741992273
341,209.42662244069493,193.13629718481644
1640,228.28939146321267,162.84613418945764
247,206.0892605705633,195.55419031915127
6377,187.63902005800665,221.89509200939096
329,189.23462420494988,203.74174998535125
973,228.78176701583135,168.55681962983368
6992,185.54156523624792,222.3599452107055
6967,230.7591062457406,168.69516774115556
4996,216.56912412592655,192.09819853152962
5740,229.86830941923952,167.24434284135765
1407,231.2310568274272,164.6395366128032
10,210.5306520429236,185.78625603557145
7073,197.58249299602383,208.85338752888265
5952,254.09471260903746,179.3190045038101
3070,239.5625082053115,178.37930089774494
2018,203.28450436922103,205.77891315722863
6578,198.13979023221518,207.9800625150498
2446,211.2322898463662,202.911125484102
2836,210.34531692873486,208.55881580617347
7040,229.61956326502596,165.75523539852077
2419,235.9199576339923,162.35296577619323
3610,236.5371521718843,163.74952138351526
4438,242.6705671773704,159.9202914654354
5201,213.23384144398193,190.58481112450383
61,237.06665366560992,162.54158710184305
5030,195.04145571849466,214.17402043113947
4328,265.23132721464015,136.9309254932227
836,209.08109996147815,183.34605851241525
6238,194.22971702747358,189.17478175924091
2973,193.50664543063328,214.43771832834568
1945,221.0687510694861,191.9160135830041
3637,188.53141964849348,220.4192059030003
1862,238.16782744227817,167.6657978902902
6048,244.2217214193592,174.8543787181784
2426,202.56929239147672,202.2188372464886
5785,240.4765358558058,161.5021851443845
6086,252.32820670664728,150.17081090708658
3787,238.81635611997527,148.69028652910976
44,240.28275712813607,167.48079652825092
589,230.50848966540715,179.42769870046854
2198,214.62928233668566,189.5665993611105
3531,193.40813271201182,223.95556077693436
2833,220.96123852286263,180.14199625092155
5821,224.52431384438904,197.73989583042783
969,219.05315155829535,184.15083569146742
5235,212.38556483083346,197.2283319406881
6620,188.87318304038217,210.178038773184
3125,220.48146338413113,184.097474932451
5210,221.0326329829571,190.5357446367724
2959,251.48952895606934,158.0476578915638
5256,209.54128463877544,198.91215046701993
955,235.1063720357371,164.52868126274632
6027,207.50482675508465,192.53255622368752
5489,202.22058305824146,194.2758314301574
5145,209.55943654057714,187.12604547450553
1348,250.46449914823853,144.93076695370593
1643,222.64414093568777,184.17602277292337
2376,224.65689376187808,171.30218364438585
1182,196.10946879343896,205.90946870692642
3955,212.6869127290438,197.0407771865426
6868,207.56183119016512,180.53215893810344
2209,189.90716940820494,195.3401317721699
4550,195.66428925288614,219.46465123345166
3356,217.82183438146163,205.71544774196977
3901,194.07949993116162,196.38657891287124
1371,244.47342072764872,163.33584691952004
3149,227.29783308079726,184.0725303039872
3259,223.4651394658454,167.10108903663183
2438,240.89795422343826,130.97469944262332
6739,214.30539492958192,183.38166771445213
5716,229.96636595333172,183.7967760493439
4609,199.8303310322776,219.15018658036763
6622,216.57213315321837,174.01063751327763
584,205.60990545574487,202.6849740476419
430,218.1262525344035,180.38962859467193
4268,218.92144951115225,196.39394623872911
3158,225.31831796602,178.02720542923882
3353,235.29821782181358,183.72743838149336
5153,243.43995252658604,175.57155106973312
7081,248.4431839729782,163.52227986053097
2849,277.8627361863701,110.70870437580845
2620,195.14188826450052,199.34458749833024
1911,191.23911333902075,210.1717818637459
3118,251.5802932614995,180.45930260725277
1061,214.27647307126594,193.33540132444446
5561,235.82512714904064,157.66514180838726
5954,251.6359984406205,146.74319592151937
3352,192.24178186727318,221.32402137266456
6954,203.1133891056703,186.94957487010967
477,206.82655241128944,200.75227437178364
3596,207.20711206779944,192.20923461940637
5735,175.07075671604437,225.30636209035447
3782,217.49604882157888,221.45679460105126
47,207.2728380608035,203.986629252822
76,226.01820251593736,189.04917357527142
1016,266.40177512806906,157.96789310566163
1289,223.84731152775836,178.02418560283024
452,208.53327737988016,200.69193272337927
99,232.063191876158,162.28584090733517
558,216.8327416494584,189.11702816821673
4450,237.82047718503642,152.08825287094407
5249,242.3642615339007,180.97442169247353
2103,253.26326631661777,169.81932857697194
4852,240.88630245195844,169.49775608014232
3597,236.09636266544774,173.7703006297624
710,207.3508503185007,191.36979479944205
5368,241.8186518057685,171.5143855369843
2510,225.95941030334785,176.4900430350636
5015,225.34104451450247,206.1876161920255
956,224.9163095523867,147.44723391888056
1154,214.54256366162494,173.7582189316019
323,212.4793206493267,189.42098014822713
3354,213.87737789272705,189.6263973163734
6639,210.93668244228124,191.68523564504432
2695,216.9714129688384,199.06802153775675
4241,236.08977994000625,181.48765752349786
6947,200.67418414395908,196.88472708400462
4179,209.692594118522,204.6320424517827
5729,184.99644513107592,235.4382463827064
5611,242.0686210948998,179.98364219925077
3619,197.8393763956659,207.11728471763362
1125,238.23768288825204,166.12972484037684
6079,220.5867916264321,177.53674483898794
1866,197.45967917076828,214.20802505597314
5984,216.90635790934962,195.73864277032408
897,215.15435704957963,199.68420150557418
1266,230.35233406623774,179.9502837607988
6964,230.18999102931653,190.8982150967936
3689,215.7621772109855,186.06745911186192
2753,200.6525446886296,193.79015514966005
1376,222.53168862589996,189.35010330361584
4182,225.65912549909257,182.99994509145768
1810,182.74113307765273,225.2642321520162
400,212.87982325340892,176.14173489059692
990,241.65730773377564,171.63277648067998
6307,241.4114042644228,156.9315688046826
4420,235.68156091955646,189.23698153578815
6507,222.50652852628872,193.71240059881322
478,208.13930739001904,187.22251166501525
1037,200.8738416324602,193.2894488651376
2137,211.40074192990278,203.54549377424192
6934,203.605407212336,187.44698398114247
6803,221.1897277424174,172.0031768077135
1842,244.22979952350238,147.5101657776665
4961,210.42622785336468,199.92108072767243
6237,241.86084694821204,177.8299256895478
3207,199.34481387289176,210.33262709964046
3488,216.3209500324889,191.93016128965607
4694,249.3026050332031,167.02882613366182
6540,206.2208879570996,188.79543979027818
6120,206.6500581646444,183.64194742331884
4342,217.16837426812992,200.15184829433514
2557,213.55816612650563,187.77036178216161
700,209.4816295723844,187.5702711226087
1500,211.42378817216064,192.14045707286715
5861,231.05535510773572,171.897879484115
2738,228.4334579106751,171.17066196905105
3031,250.72688265237412,146.52460647691896
2949,254.63118867708675,178.7012297923321
2214,219.64586072153216,171.35949012161524
3517,193.29178980405337,217.79503656794114
2456,190.4697425595637,213.97109685846743
12,254.59854715592348,153.57168948062076
917,198.25987703069794,201.67064906200497
6800,218.44645826134675,159.9124085323977
4795,214.53972543418772,195.0818397351243
3095,245.77609531711522,186.47715093759928
4018,219.82750934861525,189.99327467942936
5086,249.0320007171261,187.62054690795435
6326,210.35328521473505,198.39120643354303
6396,220.59629960293432,188.60920153767142
1341,234.18475153070352,162.45373198398005
5151,205.09770559481686,217.27418405724572
5205,208.32643905328806,220.21438802450578
519,239.52435110472044,166.7857963270397
224,206.058675287463,194.81989114772736
3736,174.08498109587674,224.59693779616103
2796,215.9196225363465,196.19099425616804
1596,213.54773378262982,182.49645522886172
3332,247.97328188154216,144.61326229449037
453,225.29612458418472,177.1871154007893
4359,214.28640332623547,199.03826171303615
5121,245.76905351834156,179.64550209468473
711,252.06432875558906,164.83162196618557
4276,219.0988720862669,202.85233388600824
3065,230.69829891854346,183.40286127541177
2352,236.88878804092667,175.757613824127
1096,219.7728006026724,192.89404413411708
3233,263.1416144985254,157.60552093543174
1789,191.14152074814547,211.1769709097498
6268,250.13559337858527,156.79502799773638
625,231.53287342305725,157.55727055342203
676,251.1052872290257,134.43522379105158
1874,243.252960796906,157.86733183596033
1872,201.064051800448,200.80618615365725
5497,219.9654688502574,187.08891806211847
6016,220.09525378043782,171.67904758964374
299,239.8211547003982,171.29628993924058
567,237.88749632201342,170.895709029869
6428,234.9292027804732,168.1571820764241
2522,235.53477379477704,173.40265169420093
5099,225.37101588047472,178.6029561554416
1746,221.97710282782774,179.5763523327402
6137,192.9211139223655,213.3744447731397
3240,256.2136702762104,157.1004953800386
1985,224.9550688973717,196.47686537258596
4228,244.74315099602546,165.53917405573821
6234,216.17402837561886,183.72479347389825
197,272.54832821325806,140.2705234073481
1536,230.19584423029036,191.73043137226375
3364,192.02375339180242,206.58218613584066
1204,212.70047509739777,200.74496587085247
624,221.14587338552786,161.24238499598277
819,247.0028758547803,168.6485462306647
1181,203.01174895405202,201.6667511970097
4,196.7044281895641,203.28201664293312
4920,221.76941267065314,186.12529250600664
5222,210.71635326899332,186.82465416557972
2429,189.0929105794182,205.52455339538724
6356,229.16025943720882,170.1120515995886
3409,205.08172130735943,211.36913372953163
910,223.86964723886263,176.01811219174624
6875,182.47277058199052,212.1620945597942
3427,201.33220263339146,206.25223020557416
5570,265.1279700020367,148.53224055402026
6508,226.27117127970214,156.58300238680002
4587,193.28232782438403,208.5986901532142
5878,205.98621997570052,177.90119846464512
1412,217.89812754890838,195.41320480588362
3607,235.01608319353747,178.3953846937518
4985,209.905176893836,194.12177698998244
183,249.31656986455317,154.16665195029736
2422,236.9773171725808,163.006581748711
2146,228.25005120265482,161.0397082439349
1700,222.35570368893812,169.46562617841067
730,186.76502109152364,229.93963311953877
3811,243.82334066128368,140.16532925195307
3950,218.4760965663396,174.97392434878185
1521,191.71326555192854,202.984663302232
905,227.3938331211112,173.78640171033305
2164,196.89766916779107,194.94307513039445
2302,226.9900010744284,182.59198692597164
2634,259.08532692284524,141.16197624963846
4195,223.72814859419216,186.68005681160028
3894,205.90918409321813,209.63304519500647
4990,205.966306936098,204.82490836335143
6941,247.19544734283673,128.3785512598296
6811,217.32644421708196,176.25492605095494
4193,215.94928857874885,175.34985935204998
1960,214.79344904008713,201.45956766338318
2703,219.41374340085895,175.28930593654138
405,233.70604817278536,166.28004224144723
1062,203.10523363321113,173.56187097529377
4490,202.45205939814193,214.55721423881167
3380,190.06575722885225,207.30568514833033
1515,235.1498206175242,193.30459392712527
6724,204.24421278676112,163.16537757704828
5288,234.14420240197066,182.9464517364673
3755,206.60881763670596,204.76610460841545
5315,216.63751431876554,207.32014360038102
2705,222.98700724588895,170.79333938864175
2876,204.8629237916085,195.9640319971761
4211,216.57818613482436,179.48872933314195
5666,227.46893659560243,181.72574316781842
3395,206.78658838240068,198.06456617006842
5219,258.8030426734667,148.2724677713445
631,218.3548734397503,182.0438881208517
5943,233.79813082092505,168.23899048702356
3321,209.35685441941777,200.35867656654463
4223,226.27836845791438,170.15974494330467
2118,204.1369111468423,193.9323705559015
2829,212.95981124816961,180.01971735023704
3805,225.7324748617871,190.24768973133772
3521,240.23842933556696,159.0659130977869
1665,209.23933944551877,176.77560228749
5929,216.313468829643,205.82207434308344
5245,217.85932566191826,178.69148390546525
143,221.26516064415247,175.85745746281725
5776,215.47431215558524,180.64920502860633
1228,199.36939793406546,215.34723860343547
3123,224.99605148221184,196.77016200239925
2584,244.50236255429746,146.92829626458322
118,186.1737884992432,211.88988290041917
7050,218.5962152630028,186.904867668196
6556,197.79110374030768,203.89437191340525
2174,171.42878202254022,221.8817400226717
5192,213.52846105629897,193.60083369199594
5724,211.07500751228258,190.610038963813
4786,236.96304178492304,166.51230990849425
3377,236.1890789649172,174.412134508259
5473,252.7923520651962,162.21614958370418
2049,246.67486551228055,147.66832511539656
2905,246.55969695282133,177.35520674394382
4463,210.31796591694757,192.91064443280612
3730,206.10390133393017,200.281365809207
6322,209.79925635028172,173.62327186853116
6732,208.3585573035044,176.960673146218
1406,215.67572978710004,190.08028887332654
6748,206.25497374552918,168.4072858617615
5911,216.0795737923856,207.97235796001223
1077,208.22854519117,197.5113272143739
7064,221.6646295695275,159.44255931783806
2934,225.82175786911762,188.36322349753317
5007,206.59512872005251,189.23259410376355
944,231.44234304612655,172.53085582425422
6338,200.3823260581531,206.6358243489636
6582,238.10523653049438,170.19437250509677
4665,243.7494289538951,160.14579380989875
1307,226.06945161287786,151.638485222493
2054,199.95037404918256,208.38792310981333
5838,221.2204439151351,186.20238958936062
3445,236.1794920559021,202.56567058432938
5883,201.49170172696986,202.1643384577726
5170,204.26620425324566,212.24776025378605
3214,218.47471970088912,200.6860774207168
1597,174.07581610660938,226.52335638629472
5746,217.31934012246484,201.3972018572294
6925,199.4312395499552,169.8609481757347
3387,222.42510500672296,194.080293355196
6288,218.60046156325862,162.79374976210443
3699,244.14940138576344,171.29280075904882
6020,225.07572434862465,197.06388654612414
3083,227.3405913342927,175.83302560588604
5632,199.20251278743368,215.8903549205269
212,208.6045545605567,214.29098970831856
5901,256.81026628342914,161.00448961901978
2845,234.96952912352288,178.84974300790805
2011,201.8402139377211,183.48416215413022
6867,218.95508414799394,194.90179009310447
3440,192.28667718224247,212.0848365915309
6580,221.6701585342815,185.59199606507138
902,219.1889756127235,197.17861449516363
1482,214.21982162472568,210.89379368538295
1060,246.95719403717578,165.2635821830424
899,195.96460276819093,201.54268796427883
304,231.5800936391281,201.70570196838304
3514,229.22165930070884,175.15379666760262
2015,222.202499934987,185.16516339407542
1193,205.41798353343952,193.3837229544103
5723,225.06340734804752,203.3785630222455
5152,235.29131031434866,173.73947381807952
2767,221.52667054194686,210.30226736365367
5916,238.01532930193952,178.98745144810823
1171,222.65906262232636,179.63095261909064
6358,211.70242360450413,190.49944022166716
5681,224.35379727081687,172.9770778369919
5173,203.80153829928045,196.9867244163813
4827,186.99889968655668,199.4746186240934
5736,216.36551770797112,186.2197018930887
2234,233.6870735412449,175.77757704193505
992,262.2714800507356,161.1018605906262
6098,220.31103120928304,186.32244369243816
4714,261.48740657825635,141.3667169809736
6015,215.20998895458055,224.21092919438632
591,212.45896991753608,183.95098798798443
5881,200.7216731267366,207.05755940046348
5604,217.9974112012954,206.52880215710098
6247,235.28421165638935,141.49596217532675
2907,220.89028723135772,182.24910935202516
5620,206.23482983969933,197.74501360174452
6532,222.45822607164624,207.74280254308132
6601,212.24330780357056,180.17389051046996
3325,266.98680467006733,131.36231886044368
3178,229.47261526220342,167.3604989545909
1968,212.0384820889882,192.84647209668842
6876,210.43562416418035,201.36606207983436
5910,202.16814436788266,203.97996216564766
6265,186.74070848446158,223.09767675432286
1057,224.70401123735974,180.19514507432075
4955,232.93305879759285,180.6983894302184
5138,211.60922466835441,201.92944135688978
5313,209.98997268608125,185.76463329681647
4894,214.9268041817655,210.22872997486388
394,237.8655960197288,156.28527567517574
5656,180.63736649207553,216.56918252713533
4094,229.2128756741725,177.6093655731429
3750,211.78448032565083,209.65071310145925
4104,208.8145089282541,191.91817289550679
2433,191.1110518072077,201.93554135367307
4612,193.03575589553483,208.14432913782787
1064,250.14855421606762,135.56909681310663
844,214.34980959505046,197.41168557174998
4784,208.04890841763574,190.26808577407465
1202,225.92576822741697,181.05414999325077
2210,248.56539525962776,163.44840023330374
2194,219.38841971387407,173.26559695635925
2881,235.6886780394721,208.9117485866663
3307,213.37810116426712,186.69137349498212
1076,241.6269219444601,151.93072759434745
3373,191.49983788935648,216.57394738006238
376,213.62608771687943,193.8348488642321
1719,213.8914914267769,180.4514507984286
3103,239.00134530319883,173.34889488849348
858,221.51293043459194,176.14707944200498
2812,217.86106158362443,191.06315607492613
3690,251.05405973574508,154.87489916860295
6914,221.94781899034197,171.34263158104324
6296,215.49224067483277,168.8045282347726
1099,201.9664477779656,185.8655627604186
4183,227.69752041653538,165.7799592357939
6702,209.71902778980024,176.34324063028095
1116,192.1322579094273,200.47480332957775
3279,210.4917178070648,209.03961949831069
5668,221.9729684512492,173.81850772395774
6056,207.48621276824633,208.9875345400701
2330,230.4464748819563,181.46380126925663
6856,218.6070551060749,165.3639794112371
4517,180.35888544907576,222.51866043203054
2574,216.1121985049487,171.60411667332602
1124,208.1081710646506,199.05640165771675
345,238.98207636144784,156.18994899305443
3751,212.4721266594733,202.0342847205049
3408,239.27552647539352,188.98114984407582
178,195.06214675732647,191.08270282160197
3759,214.00439838753337,198.19706512364655
3174,240.90702627168105,164.3533430378746
4015,219.65959364556375,190.17310713020316
5056,237.19512386560876,184.64239415437493
4541,208.75785115744293,196.29229669045816
3893,211.45240528879236,205.82301635606487
3903,221.35730686732745,197.38427689151774
4220,240.9831930402199,172.0971935670022
439,200.6602242953303,192.85187286088967
6832,201.63218089005608,171.0297993194406
1896,206.5171558496374,208.5737113939661
2010,218.58604163403712,192.9998938252892
2722,195.26999132691358,217.55928334049773
5700,232.1641996615229,206.58399024694353
5622,218.61732974441875,185.31672168294588
2297,197.81720917377768,182.69729028103671
5762,210.97242929064268,197.59779445018685
833,213.2122531800836,180.91903505301934
1725,234.21811530392674,169.0999973332242
2437,199.7623566775278,208.84371727425204
7061,159.06626984798513,234.6117406210467
6053,246.45050847035787,170.62413155826255
5795,194.2894970734072,212.88060291381728
3053,222.79065564184756,180.479362404466
4013,194.275556897234,215.09284367513223
2955,192.3080023885549,223.32222824843566
3432,199.50649500387408,213.5513588296757
4548,203.61453111889563,193.67459388085666
3110,224.02250068109674,183.47646397507185
3907,209.43143595650244,205.815645525656
4867,227.40302178923963,172.59991010563994
4573,225.88545101970004,193.13905117382419
2731,206.64026517254143,203.23423436724602
298,210.71732161054274,180.0488045077076
2659,260.52503722017724,135.5429051902512
5594,204.3721714142737,197.47749258300655
5712,225.4716543116765,184.72172656455933
6218,241.79553914267382,159.80730959308744
6937,200.45812612237813,173.0360980526515
7083,265.9670080178159,150.9310605294503
1323,215.3366155145075,180.24690158835006
3803,261.56095245500524,150.14431058598322
6682,221.89648544077255,160.47993817787497
1595,192.32517873182059,202.36085299626035
4710,227.95363556061045,200.44999476920057
5543,204.3521744683027,186.61543529798593
1910,208.5854072696819,204.36876145746768
5924,248.06152818436453,174.37737718062533
924,230.72771652545404,178.1845662194142
1734,219.88700311574678,179.45452869463864
2027,243.47135833405295,166.91965368688122
4021,212.91077337871172,204.3793029408091
5698,232.81949169458653,202.94895690398943
2191,208.6582207620984,199.80789121879735
6161,234.32330773915433,177.52577289887356
1012,267.23007849937017,120.34332895080368
4089,230.18079939882162,169.4344506310268
4048,195.74001341607664,217.7050498627244
2712,241.64028435962388,178.4714733403183
3848,220.0096378045769,177.67795260858884
5114,225.19413356696404,185.75877245815434
3582,222.46173228488374,185.57874598101935
2756,234.7580322010503,163.17678889159038
3679,193.28997145603603,200.19564212705725
2457,219.2176528430579,183.87854399510678
6675,224.6794090715158,181.32886378748424
4533,231.69514362894725,180.87714745082684
5161,205.38981913162277,205.19517208542288
1029,217.26663813018394,201.0007917124149
361,190.86693379755584,188.88290536512423
6328,210.6389082790438,181.17538256016147
409,187.80037996035975,189.2433895840696
2331,211.8874451295958,193.22189986654485
4050,217.1288281128072,198.9931802084469
1155,223.9401659650851,185.21754657009848
6446,180.69441036856935,226.68126503322313
4800,253.4198737597635,133.8753444752242
6443,216.10009583420208,176.70020044304147
3317,241.2438595872161,177.9720126001298
1878,214.87482786944275,183.2386127055581
2185,238.73505568809077,107.23364881458492
4090,204.43445835517858,203.13029508808577
2021,198.94106270244293,180.14410164448674
465,227.62069216619489,159.49601231989016
740,232.25700324543348,177.1655029328186
1839,230.95601328359737,172.37657007996256
961,201.16645638920468,195.76031144513283
5986,244.637665592902,152.20114571320406
5448,247.0624361375626,156.7275141917866
1888,201.81714471714403,202.5918058805638
1226,243.7392927547607,148.89809924710494
5677,234.06043833085866,161.3274696782572
6853,241.59622385577836,157.97608411472464
1650,171.21374708918802,220.30828144157238
4433,241.85094331632612,161.8218585714502
2830,209.70190468433063,193.12661782524336
5897,208.29422996181066,195.42059152101302
1070,233.2151163614604,184.6501870553354
1287,196.28738730143903,211.99462915791165
596,228.0940162396427,146.59134393224727
5375,216.64247837670587,201.27636786543826
5695,229.63518703624476,179.65406815538026
95,221.23239277187525,187.3993171845483
1308,257.4535124637233,115.5320357441946
2851,189.86678006917256,222.33541625575796
6076,244.7051684128956,184.87694647274628
2863,226.76613761598034,175.51571687183187
3926,233.10188519400725,190.01385881948644
317,197.90989069946363,207.93065860008997
2951,222.7419452477611,195.31160684467562
2759,281.9874535483879,81.99256029820653
4422,203.0830246452997,205.48235805561436
5326,235.15016612709678,194.60623417497814
943,205.84862008316867,207.9877278898151
1324,224.29941116504324,181.34628940182293
1303,189.2237409957298,181.31362388441534
476,201.6611703715902,208.3438764809065
2961,197.01714847444563,214.9942730123526
6102,208.79805883034206,196.71820173725368
1512,188.40369871048543,206.65340450606308
2684,221.88375323298155,194.66581658536148
1384,196.8048277893543,219.36862073660677
4851,176.99963621325855,212.67070144016512
4395,231.0799266583223,173.002950259182
4637,222.47766314551154,193.67870209271433
3551,255.5136432877003,167.46991356989318
3966,208.48162692118032,203.90182648577704
2235,222.11307220383944,193.65365610462277
2568,227.37706010841492,175.87024336888027
3200,197.31374198501996,218.00002352379087
2673,222.71683548175207,173.55903201964037
5964,201.82837483108443,198.9036503779561
2669,199.68475367099896,210.53068806738074
1907,188.52431843295506,211.42380982615038
5017,201.11234356285246,218.1487048867838
2122,222.7193480409314,191.92895582306141
6609,199.07317751689789,179.1376124954156
4982,205.054806662538,205.11595688890887
2954,222.01480446640156,196.6666024846326
1104,220.0734072184513,175.60309071318622
688,215.25488915488222,184.47974368297017
4161,230.16005340026695,165.03777327598272
6672,203.6003274465564,197.3826351719366
5119,233.8641431056823,205.4322092650729
3059,219.8942195424315,185.63218182105516
3715,216.62744519267403,195.43457502315914
1774,206.69689698254055,189.16100536059437
4849,243.54858026177922,128.49929875270684
6664,227.36031862261922,191.8604425174553
6894,228.64391963275543,165.84874932747658
4234,219.6199145497536,192.84153579520867
2706,248.37718086808565,132.66121661500244
1927,198.89550033887136,212.2412464200686
1210,243.69661589583967,174.40651532966172
6996,192.91245010991952,213.93275293280627
995,226.04211129800365,181.32571914775352
4793,232.66612222613088,188.16827362574878
4885,192.24904482988697,218.62960900795687
6780,207.52388408123338,177.4946468502504
3891,222.58581923789484,173.7786871354395
1174,238.62757047766223,184.48757338536592
1306,221.88569051237374,172.14999812682223
5307,200.32743126752217,205.05032493304716
5063,244.8669101979296,196.7499614383019
6799,230.89012672661818,151.21463803689687
1791,203.52987474830437,208.23735419840168
4244,232.9378230179508,178.71011745690973
6677,227.24351284748715,158.49842653291557
4731,203.64044838583268,196.275128643568
6918,233.25781012242925,186.70599639284987
4224,261.81415850664246,152.305334652061
3366,193.65856342285022,199.59946642111112
3799,222.17818435591485,183.17288540976105
6110,235.53032407303166,166.83336340088846
2147,227.49067317391012,171.12261741174638
2930,249.4700713062911,157.79824955272952
5859,210.9696054851146,195.18466523528483
5976,236.49906662475664,180.2242842432485
383,213.11196157571126,182.65675773593793
1417,236.07949145247676,177.69084997264076
1394,218.96225257093437,189.11704554014347
4547,216.94124296664495,202.39108139017722
2576,211.68849494808165,181.24724170991755
1379,225.31348285178632,163.56389578914218
5072,214.43495236891084,184.51622831750345
2156,211.67326413177622,190.60118772967
997,233.27491978334925,170.93875735805244
2007,232.80787988792912,180.9210885603672
4919,255.0564300544354,171.30604004865492
4603,203.62008056459288,206.6958042950279
3397,209.82268060320447,212.24959152476754
2623,213.1177977895609,195.78452523772808
5233,223.5334383432305,177.44474256569572
6059,215.0595762186309,202.0046642318855
1383,205.29543945287628,179.831194530654
435,219.8971386325449,194.59286049581374
4435,217.00293020328047,202.2904433878607
1227,224.46062843412045,177.31341234405392
4768,206.7425302383514,197.3520730935089
3180,235.4693727181281,192.40658603291797
830,256.58718685934826,153.81700659947055
4210,220.97636773412597,191.31074922466672
6920,204.70026184147346,174.71593388766664
98,222.8569255294592,185.55479867008978
6835,233.33096967634728,189.47145849506418
1834,247.57447075566603,156.01481198250508
3457,223.60551066483848,192.8607580191427
3846,216.3070913810292,186.85283623958458
2569,228.94216968407312,161.7977784925734
1617,170.26844499846652,221.5751179065907
2979,162.78351430777286,222.76562590093013
4043,258.39497427939176,134.5724914902487
3471,168.87651040939954,224.4830712282762
6820,230.41047520335056,175.8595993109066
3804,239.2395637314263,185.18664337472143
4697,224.43680725308582,173.17527585102727
1613,213.67863711157148,177.25533444238155
5371,221.11913366401907,191.66976283010757
1444,226.03008557287785,192.70719367334323
3857,227.11616622036763,175.70925242633112
4593,204.61798792157944,209.99359216925995
3087,212.76233118777313,208.7153055565129
4509,230.6556681260614,172.42010660571833
169,240.9986878483752,148.471359698868
800,201.20553114540226,192.88889191039053
3253,228.36740663800032,195.45619807287716
6327,219.35470605417038,184.85398775614848
6616,243.70080718930572,162.71772873202022
3816,224.29192906515075,200.0246778828586
468,221.17521630482057,184.38156759418288
2225,213.9816144007591,194.60106559293882
4944,203.24039729836056,202.05278782144632
3961,242.77789017173882,157.18469814584142
4470,233.4429987172095,173.78358891946107
5390,265.6803381236705,130.11013976333334
847,212.85196075113546,176.35579743094047
5960,230.24637957875294,183.93496047608642
2219,216.94130370394382,196.13450021938928
2971,200.2288755421736,204.46406861514888
4288,198.46117447470198,193.8449093230686
2952,209.16982948639836,212.2924982529464
2521,256.07059459759375,133.1890535598533
6641,237.22155650729405,162.48316281927592
1701,218.86442176002123,187.58437105515446
5164,212.27080728439807,185.80263878401615
3586,254.35377479996458,164.82810433709955
1362,256.03886377263547,151.4422529596879
3650,208.19824133448924,200.61643116342438
3232,223.50271499658174,194.69028141084743
157,232.9745299762147,163.55292199520437
2755,198.7858559369953,209.34234637284635
3773,217.18722550091516,197.3704225928734
957,218.51061148262988,175.52895495347087
258,214.4147604971088,185.39968485238157
3392,213.67132667039675,184.41957330632374
895,207.40733704651635,198.77641710683898
5882,244.3724033671074,166.56227987041646
2928,227.3583075770566,195.8805152412051
1008,225.21309522742416,205.60688449060754
1069,217.50990745770704,205.39852152976272
2338,230.6613519600984,182.00868496025322
6395,218.38152964355623,174.2101481276747
6961,217.85900102207742,198.45519438708652
959,195.767461402921,199.69465561324742
6478,215.15079588295467,195.86802372056215
784,246.07502535944582,171.75630751501058
668,233.0784732356511,192.2813506213817
2543,221.78660906074413,151.26542955476276
1014,259.6434561348288,137.15528347343042
5003,235.6366084461543,166.5596449647204
3310,214.71022218565327,182.798473637636
4583,233.62537402248876,174.3388841346294
6316,206.48908073732272,212.82874260248568
3781,224.73172441220157,188.9359777116167
2112,232.59242039391694,167.54590093119435
3450,218.00315123236308,196.71597628989576
5813,221.31218938879533,174.6076938426217
947,209.5623790488567,192.923524774396
3284,239.29819997018586,161.29715017150946
4320,181.10742931930736,234.40610431708012
5922,219.6202811757058,190.89969328230148
4577,228.06945294623094,151.51982375727715
552,203.8821239460627,204.50943377368492
1738,204.3379743146421,197.46295742899213
85,211.98627974429533,194.00324187505174
5558,219.67477449072118,187.795494916447
340,255.51738988249835,166.32600963355395
1243,206.740706581097,207.09933333146122
1891,203.90531025991612,184.26201525308693
2475,216.90122886660754,192.91391058760112
2383,222.87667003789568,171.56661584975802
2149,165.82474401049885,222.3537078633161
1994,198.91558920176632,208.38836674926847
6344,202.0405962089459,204.20309020557525
2638,243.76069421902383,156.03467677997924
2452,229.1777680745891,163.55215684589507
4667,237.73481477758642,178.36047177503758
6173,207.05868554065074,170.36939527631438
5342,234.43198574760433,172.89326585064134
6527,203.62116737280382,177.92423400339823
3904,239.9101677835955,172.74821409399817
5624,227.33395515895518,188.6256529255451
6459,254.7366540946337,152.4426288030803
379,216.9303027514872,187.07991517856993
4003,218.29252992276838,190.9794835642889
2123,237.2388002062944,150.0186605233783
64,189.4805946641617,207.4626108579024
728,218.53841761562194,171.88678978688176
2980,219.00214479070826,197.32167863512154
6751,190.88702360144882,198.81749208457677
3780,222.00210726213936,171.8200254108638
112,256.76830632538304,159.34553969550308
6122,206.00752831143913,202.40323449461619
6109,195.85625434208245,203.8140440931122
2585,235.801774197425,170.92307591821614
3139,199.84735579011033,214.01096877766633
1615,191.7619294775231,199.35243950798085
574,220.7189846863383,171.86619294560205
1297,208.96378434764225,194.74057810640124
1735,202.6041187957685,217.68346330391566
3912,196.27071874154086,200.57201919891767
2841,220.66864080535078,195.01970641048058
6128,215.35633330889442,157.16037182941824
231,206.31508643458668,189.77710695163015
3571,206.51360599500805,184.84676315384712
4682,229.60459517592858,173.1760346465985
6896,248.99041219656374,157.19250772617985
1871,221.93360786476828,164.69254821913222
7049,213.91984998371885,176.92093351757765
2415,236.23395091330343,140.04881444984807
3300,227.16342269276717,183.6586970984043
3982,217.09297911614271,196.90759997822232
206,277.5271236924759,122.07380284351379
4468,196.7267890753751,201.11847793322627
4017,238.82956493655604,179.16533001640204
15,217.21228287294883,184.97578135275373
3573,247.33815589678002,186.8176617776349
1117,197.41655349624753,202.19915834099166
5579,210.4993395708992,203.46953640585667
203,192.44793515516696,204.9630271766113
2507,233.3454471981122,160.87815475136904
6893,223.96798080561626,191.2737227530567
1659,218.3584574270849,181.2794811516224
1756,225.5618673069908,173.74227928428485
6229,218.54225644400398,183.69851857143033
4116,207.92804734754193,195.20076077661096
6415,232.55059926659328,167.42778745842466
942,234.07077624566523,147.69294747323514
6250,195.05488988015176,209.71111387099938
4895,257.90610001967184,173.10624520419736
3902,247.55869204432435,193.94956200219963
6153,226.8417319078203,192.61139785286483
3137,202.6621232477371,219.24826015185977
6880,219.70769368220687,167.03025854196716
4917,206.16671447082774,202.11767309706116
789,204.30564052786514,196.42172481062255
1830,215.34056230433598,188.775562442921
3077,226.95952422304407,190.8568292572343
5358,190.86068498594128,223.67732041156344
6063,205.5052288239401,199.25025502197514
553,239.0922403831167,172.73690577599618
6730,229.1514877697303,165.181220518367
4028,225.1898747973859,190.67526034281272
5046,204.50058911089695,193.78518222962634
3205,192.97074261909177,228.53487791447583
6528,203.47359280455336,186.05899797424132
1671,218.8691029238684,174.5876419122469
277,208.880478383858,203.48274177135667
7037,209.0309465437338,187.14860923691637
2621,209.01153885587928,198.13030522866976
6159,208.44662032902966,185.69768851176877
1856,198.92264390592672,208.91213595102718
3913,224.81698742797778,190.53679031496438
750,207.23293130852988,180.01881410920913
6417,214.60450303307408,182.93171228321512
5458,229.15763283313353,176.86700581889713
4461,226.34042041878735,175.26158807008815
4736,237.11942274746764,190.93629543718504
1979,210.92089380302036,189.97528288929323
2651,258.8577159544205,140.34710176624029
1702,232.6076436032214,147.16834907317323
2036,225.51976025931566,158.80655881633504
6183,224.94603024916063,175.25229720059744
2944,193.03752473986464,198.62993179326264
850,200.6604796891701,187.56547900371066
6384,248.32389464005024,135.89887130943092
457,241.36967836828725,147.1903477309342
5485,191.00929268379193,214.10866901775444
5289,217.25674072398232,188.96046710431165
6886,234.18520219771227,181.25269428769536
4019,224.8771008633512,178.6750571322797
2700,227.5925961890594,185.77918574129566
1873,228.20038414955206,174.1043363439137
4608,225.20942335544459,175.54447084068812
5832,192.2465264474428,215.0121376146667
557,216.56191835983955,190.34897382573945
3254,264.177357484716,131.1093438577508
3974,233.50506154359908,170.44481216086075
3509,223.70030932048516,199.60644148437063
2093,229.1819646984015,171.27585001172065
1724,194.14776694761053,195.79446103033428
152,228.6849814196264,180.4614006459484
4762,213.84677081308837,197.7555075505307
3544,211.543850014099,208.6121751223526
3766,201.78725648403687,216.00363661448338
2890,207.4841939906525,208.7011071449502
2468,249.67281249547986,135.15307655282783
4247,235.73118662480823,171.88252107357727
2878,201.59225003843815,203.2935578962431
1200,212.86178416167445,187.0502531851113
2411,228.20141675196072,179.1790726077349
3534,229.6372455172674,176.3496828207279
2202,204.14016084136045,211.97069663971848
6442,226.3465012578264,185.64144191357576
1331,185.67558233542934,221.06618751637544
6438,210.65054057650593,203.72849896410938
5915,237.29753462179937,138.69666002427113
2170,231.66897669880615,144.90543840690435
1499,229.10209538370222,180.24878648416473
1363,212.97056535770014,185.04659362397106
1325,249.94518209577706,147.88672160829827
4632,203.01075946621884,202.6599714193495
5669,194.18043152163995,211.5819928003802
4513,187.1346099559157,208.377432781763
6857,242.78013555128695,163.58462282084275
6258,215.78939309152537,168.90545293666295
2990,264.31671300039744,172.2408190897915
248,213.67855465533367,179.09777098313822
3019,228.3546201349344,181.22932923038002
4618,209.19275147960332,205.65004210621734
3166,261.0859199422737,156.64033991863522
3524,228.69795504110363,169.38828138177712
6206,244.63667987891534,156.0766303185082
3532,252.4247014206432,181.65066376163554
2642,216.17935696934077,180.89035211487325
3676,233.45809698901908,162.76783778632887
848,213.4017369541476,189.20034738656568
1183,213.8252452974908,185.12424237672437
6001,228.69455301655654,182.59287037961886
4385,229.07887707986853,168.76774861317475
5501,218.51724303223165,201.75546632219206
